{
  "best_model_name": "neural_network",
  "results": {
    "random_forest": {
      "accuracy": 0.7870967741935484,
      "precision": 0.7826824002788451,
      "recall": 0.7870967741935484,
      "f1_score": 0.7819859546863901,
      "auc": 0.913087564965069
    },
    "xgboost": {
      "accuracy": 0.7948387096774193,
      "precision": 0.7912570471372752,
      "recall": 0.7948387096774193,
      "f1_score": 0.7912713346820223,
      "auc": 0.9228616617737779
    },
    "lightgbm": {
      "accuracy": 0.7974193548387096,
      "precision": 0.7975787142281591,
      "recall": 0.7974193548387096,
      "f1_score": 0.7969600771019257,
      "auc": 0.9201090844391554
    },
    "gradient_boosting": {
      "accuracy": 0.7987096774193548,
      "precision": 0.7951679104421574,
      "recall": 0.7987096774193548,
      "f1_score": 0.7932842153808642,
      "auc": 0.9218380213187027
    },
    "neural_network": {
      "accuracy": 0.8012903225806451,
      "precision": 0.7974530444204924,
      "recall": 0.8012903225806451,
      "f1_score": 0.798565459129325,
      "auc": 0.915996254861898
    },
    "ensemble": {
      "accuracy": 0.7961290322580645,
      "precision": 0.7919615966338464,
      "recall": 0.7961290322580645,
      "f1_score": 0.7921661961243693,
      "auc": 0.9228846002585234
    }
  }
}